{"metadata":{"usedHelpers":[],"marked":[],"modules":{"imports":[],"exports":{"exported":[],"specifiers":[]}}},"options":{"filename":"client/lib/lib.js","filenameRelative":"client/lib/lib.js","env":{"development":{"plugins":[]}},"retainLines":false,"highlightCode":true,"suppressDeprecationMessages":false,"presets":[],"plugins":[[[],{"generateLetDeclarations":true,"enforceStrictMode":false}],[[],null],[[],{"polyfill":false}],[[],null],[[],null],[[],null],[[],{"allowTopLevelThis":true,"strict":false,"loose":true}],[[],null],[[],null],[[],null],[[],null],[[],null],[[],null],[[],null],[[],null],[[],null],[[],null],[[],null],[[],null],[[],{"loose":true}],[[],{"loose":true}],[[],null],[[],{"loose":true}],[[],null],[[],null],[[],null],[[],null],[[],null],[[],null],[[],{"loose":true}],[[],null],[[],null],[[],null],[[],null],[[],null],[[],null],[[],null]],"ignore":[],"code":true,"metadata":true,"ast":true,"comments":true,"compact":false,"minified":false,"sourceMap":true,"sourceMaps":true,"sourceMapTarget":"client/lib/lib.js.map","sourceFileName":"client/lib/lib.js","babelrc":false,"sourceType":"module","moduleIds":false,"passPerPreset":false,"parserOpts":false,"generatorOpts":false,"basename":"lib"},"ignored":false,"code":"if (typeof web3 !== 'undefined') {\n  web3 = new Web3(web3.currentProvider);\n} else {\n  // set the provider you want from Web3.providers\n  web3 = new Web3(new Web3.providers.HttpProvider(\"http://localhost:8545\"));\n}","map":{"version":3,"sources":["client/lib/lib.js"],"names":["web3","Web3","currentProvider","providers","HttpProvider"],"mappings":"AAAA,IAAI,OAAOA,IAAP,KAAgB,WAApB,EAAiC;AAC/BA,SAAO,IAAIC,IAAJ,CAASD,KAAKE,eAAd,CAAP;AACD,CAFD,MAEO;AACL;AACAF,SAAO,IAAIC,IAAJ,CAAS,IAAIA,KAAKE,SAAL,CAAeC,YAAnB,CAAgC,uBAAhC,CAAT,CAAP;AACD","file":"client/lib/lib.js.map","sourcesContent":["if (typeof web3 !== 'undefined') {\n  web3 = new Web3(web3.currentProvider);\n} else {\n  // set the provider you want from Web3.providers\n  web3 = new Web3(new Web3.providers.HttpProvider(\"http://localhost:8545\"));\n}"]},"hash":"5163f3a9c35e1305cafaf852ca37e2ad59970b26"}
