{"metadata":{"usedHelpers":[],"marked":[],"modules":{"imports":[{"source":"meteor/templating","imported":["Template"],"specifiers":[{"kind":"named","imported":"Template","local":"Template"}]},{"source":"meteor/reactive-var","imported":["ReactiveVar"],"specifiers":[{"kind":"named","imported":"ReactiveVar","local":"ReactiveVar"}]},{"source":"./main.html","imported":[],"specifiers":[]}],"exports":{"exported":[],"specifiers":[]}}},"options":{"filename":"client/main.js","filenameRelative":"client/main.js","env":{"development":{"plugins":[]}},"retainLines":false,"highlightCode":true,"suppressDeprecationMessages":false,"presets":[],"plugins":[[[],{"generateLetDeclarations":true,"enforceStrictMode":false}],[[],null],[[],{"polyfill":false}],[[],null],[[],null],[[],null],[[],{"allowTopLevelThis":true,"strict":false,"loose":true}],[[],null],[[],null],[[],null],[[],null],[[],null],[[],null],[[],null],[[],null],[[],null],[[],null],[[],null],[[],null],[[],{"loose":true}],[[],{"loose":true}],[[],null],[[],{"loose":true}],[[],null],[[],null],[[],null],[[],null],[[],null],[[],null],[[],{"loose":true}],[[],null],[[],null],[[],null],[[],null],[[],null],[[],null],[[],null]],"ignore":[],"code":true,"metadata":true,"ast":true,"comments":true,"compact":false,"minified":false,"sourceMap":true,"sourceMaps":true,"sourceMapTarget":"client/main.js.map","sourceFileName":"client/main.js","babelrc":false,"sourceType":"module","moduleIds":false,"passPerPreset":false,"parserOpts":false,"generatorOpts":false,"basename":"main"},"ignored":false,"code":"var Template = void 0;\nmodule.watch(require(\"meteor/templating\"), {\n  Template: function (v) {\n    Template = v;\n  }\n}, 0);\nvar ReactiveVar = void 0;\nmodule.watch(require(\"meteor/reactive-var\"), {\n  ReactiveVar: function (v) {\n    ReactiveVar = v;\n  }\n}, 1);\nmodule.watch(require(\"./main.html\"));\nTemplate.hello.onCreated(function () {\n  function helloOnCreated() {\n    // counter starts at 0\n    this.counter = new ReactiveVar(0);\n  }\n\n  return helloOnCreated;\n}());\nTemplate.hello.helpers({\n  counter: function () {\n    rweb3.eth.getBalance(\"0x50A7A45dFF9d5bEC251E596F21e54A6596e4d25F\", function (err, res) {\n      alert(res);\n    });\n  }\n});\nTemplate.hello.events({\n  'click button': function (event, instance) {\n    // increment the counter when button is clicked\n    instance.counter.set(instance.counter.get() + 1);\n  }\n});","map":{"version":3,"sources":["client/main.js"],"names":["Template","module","watch","require","v","ReactiveVar","hello","onCreated","helloOnCreated","counter","helpers","rweb3","eth","getBalance","err","res","alert","events","event","instance","set","get"],"mappings":"AAAA,IAAIA,iBAAJ;AAAaC,OAAOC,KAAP,CAAaC,QAAQ,mBAAR,CAAb,EAA0C;AAACH,UAAD,YAAUI,CAAV,EAAY;AAACJ,eAASI,CAAT;AAAW;AAAxB,CAA1C,EAAoE,CAApE;AAAuE,IAAIC,oBAAJ;AAAgBJ,OAAOC,KAAP,CAAaC,QAAQ,qBAAR,CAAb,EAA4C;AAACE,aAAD,YAAaD,CAAb,EAAe;AAACC,kBAAYD,CAAZ;AAAc;AAA9B,CAA5C,EAA4E,CAA5E;AAA+EH,OAAOC,KAAP,CAAaC,QAAQ,aAAR,CAAb;AAKnLH,SAASM,KAAT,CAAeC,SAAf;AAAyB,WAASC,cAAT,GAA0B;AACjD;AACA,SAAKC,OAAL,GAAe,IAAIJ,WAAJ,CAAgB,CAAhB,CAAf;AACD;;AAHD,SAAkCG,cAAlC;AAAA;AAKAR,SAASM,KAAT,CAAeI,OAAf,CAAuB;AACrBD,SADqB,cACX;AACRE,UAAMC,GAAN,CAAUC,UAAV,CAAqB,4CAArB,EACC,UAAUC,GAAV,EAAeC,GAAf,EAAmB;AAClBC,YAAMD,GAAN;AACA,KAHF;AAID;AANoB,CAAvB;AASAf,SAASM,KAAT,CAAeW,MAAf,CAAsB;AACpB,gBADoB,YACLC,KADK,EACEC,QADF,EACY;AAC9B;AACAA,aAASV,OAAT,CAAiBW,GAAjB,CAAqBD,SAASV,OAAT,CAAiBY,GAAjB,KAAyB,CAA9C;AACD;AAJmB,CAAtB","file":"client/main.js.map","sourcesContent":["import { Template } from 'meteor/templating';\nimport { ReactiveVar } from 'meteor/reactive-var';\n\nimport './main.html';\n\nTemplate.hello.onCreated(function helloOnCreated() {\n  // counter starts at 0\n  this.counter = new ReactiveVar(0);\n});\n\nTemplate.hello.helpers({\n  counter() {\n    rweb3.eth.getBalance(\"0x50A7A45dFF9d5bEC251E596F21e54A6596e4d25F\", \n    \tfunction (err, res){\n    \t\talert(res)\n    \t})\n  },\n});\n\nTemplate.hello.events({\n  'click button'(event, instance) {\n    // increment the counter when button is clicked\n    instance.counter.set(instance.counter.get() + 1);\n  },\n});\n"]},"hash":"5ca6f4bb747d26d35a8569cd789f663db9a1db3f"}
